URL,Blocked,Blocking Method,category
https://libgen.is/,No,,File Sharing
https://www.ushareit.com/,No,,Media Sharing
http://www.sos-reporters.net/,No,,News Media
https://www.erowid.org/,No,,Alcohol and Drugs
https://www.ted.com/,No,,News Media
https://tails.net/,No,,Anonymization and circumvention tools
https://1.1.1.1/,No,,Anonymization and circumvention tools
https://imgur.com/,No,,Media Sharing
https://tyt.com/,No,,News Media
http://www.iea.org/,No,,Intergovernmental Organizations
https://notesnook.com/,No,,File Sharing
https://web.archive.org/,No,,Culture
http://www.religioustolerance.org/,No,,Human rights issues
https://www.trendsmap.com/,No,,Social Networking
https://www.spiegel.de/,No,,News Media
https://kickasstorrents.to/,No,,File Sharing
http://www.siecus.org/,No,,Sex Education
https://hackerspaces.org/,No,,Culture
https://secure.hi5.com/,No,,Communication Tools
https://yts.lt/,No,,File Sharing
https://login.live.com/,No,,Communication Tools
https://cultdeadcow.com/,No,,Hacking Tools
http://www.pcgamer.com/,No,,Gaming
http://www.rbf.org/,No,,Economics
https://www.reprolegalhelpline.org/,No,,Human rights issues
https://www.chinadaily.com.cn/,No,,News Media
https://cites.org/,No,,Enviroment
https://sputnikglobe.com/,No,,News Media
https://norml.org/,No,,Alcohol and Drugs
https://www.accessnow.org/,No,,Human rights issues
https://www.facebook.com/,No,,Social Networking
https://www.edf.org/fight-global-warming,No,,Enviroment
https://www.icc-cpi.int/,No,,Human rights issues
https://8.8.4.4/dns-query?dns=q80BAAABAAAAAAAAA3d3dwdleGFtcGxlA2NvbQAAAQAB,No,,Hosting and Blogging Platforms
http://www.mnr.gov.cn/,No,,Government
http://www.mywebcalls.com/,Yes,tcp_ip,Communication Tools
https://www.proton.me/,No,,Communication Tools
https://freespeech.org/,No,,Human rights issues
https://wordpress.org/openverse/,No,,Hosting and Blogging Platforms
https://www.netflix.com/,No,,Media Sharing
http://www.match.com/,No,,Online Dating
http://www.ran.org/,No,,Enviroment
https://www.expressvpn.com/,Yes,http-failure,Anonymization and circumvention tools
https://protonvpn.com/,Yes,http-failure,Anonymization and circumvention tools
https://impactlab.org/,No,,Enviroment
https://circumcision.org/,No,,Public Health
https://play.googleapis.com/robots.txt,No,,Hosting and Blogging Platforms
https://tinder.com/,No,,Social Networking
https://o0.ingest.sentry.io/api/0,No,,Control Content
https://tamtam.chat/,No,,Communication Tools
https://www.ifad.org/,No,,Economics
https://wwf.panda.org/,No,,Enviroment
http://www.inbox.com/,No,,Communication Tools
https://fdroid.tetaneutral.net/fdroid/repo,No,,File Sharing
https://evernote.com/,No,,Media Sharing
http://khilafah.net/,Yes,http-diff,Terrorism and militants
https://www.khanacademy.org/,No,,Culture
https://kh.google.com/rt/earth/PlanetoidMetadata,No,,Control Content
http://www.slotland.com/,Yes,http-diff,Gambling
https://pbs.twimg.com/profile_images/941658150889054208/lFeD3554_200x200.jpg,No,,Social Networking
https://dl.bintray.com/jfrog/xray/,No,,Hosting and Blogging Platforms
https://edge-chat.instagram.com/robots.txt,No,,Social Networking
https://clubhouse.pubnub.com/,No,,Social Networking
https://www.pmi.com/,No,,Alcohol and Drugs
https://www.microsoft.com/en-us/microsoft-365/onedrive/online-cloud-storage/,No,,Communication Tools
http://www.metal-archives.com/,No,,Culture
https://web.facebook.com/robots.txt,No,,Social Networking
https://www.mamma.com/,No,,Search engines
https://en.wikipedia.org/wiki/Sex_and_gender_distinction,No,,Culture
https://www.army.mil/,No,,Government
https://elpha.com/,No,,Social Networking
http://www.khilafah.com/,No,,Political Criticism
http://www.theregister.co.uk/,No,,News Media
https://www.international.gc.ca/,No,,Economics
http://www.mail.lycos.com/,No,,Communication Tools
https://www.dea.gov/,No,,Government
http://www.hizb-ut-tahrir.org/,No,,Political Criticism
https://slack.com/,No,,Communication Tools
https://www.sendspace.com/,Yes,http-failure,Media Sharing
https://kidshealth.org/,No,,Public Health
http://www.runescape.com/,No,,Gaming
https://www.terredeshommes.nl/,No,,Human rights issues
https://unpo.org/,No,,Human rights issues
http://www.venus.com/,No,,Provocative Attire
http://www.lanacion.com.ar/,No,,News Media
https://slate.com/,No,,Political Criticism
https://cryptome.org/,No,,Political Criticism
https://code.org/,No,,Culture
https://pt.m.wikipedia.org/,No,,Culture
https://www.who.int/,No,,Public Health
http://clients3.google.com/generate_204,No,,Control Content
https://www.sbs.com.au/language/coronavirus?cid=infocus,No,,News Media
https://mail.google.com/,No,,Communication Tools
http://www.blackjackinfo.com/,No,,Gambling
https://webcache.googleusercontent.com/robots.txt,No,,Search engines
http://www.biz.ly/,No,,Hosting and Blogging Platforms
https://delta.chat/,No,,Communication Tools
https://pastebin.com/,No,,Hosting and Blogging Platforms
https://login.infomaniak.com/,No,,File Sharing
https://googleweblight.com/i?u=https%3A%2F%2Fexample.com%2F,No,,Anonymization and circumvention tools
https://edition.cnn.com/,No,,News Media
https://www.messenger.com/,No,,Communication Tools
http://www.wcicc.org/,No,,Religion
https://www.sfsi.org/,No,,Sex Education
https://search.brave.com/,No,,Search engines
http://www.isscr.org/,No,,Public Health
https://www.godaddy.com/,No,,Hosting and Blogging Platforms
https://freedns.afraid.org/,No,,Hosting and Blogging Platforms
https://livestream.com/,No,,News Media
http://www.truthnet.org/,No,,Religion
http://www.gayscape.com/,Yes,http-diff,LGBT
https://350.org/,No,,Enviroment
https://x1337x.eu/,No,,File Sharing
https://www.persecution.org/,No,,Religion
https://www.alqassam.ps/,No,,Terrorism and militants
https://addons.opera.com/en/extensions/,Yes,tcp_ip,File Sharing
https://www.earthaction.org/,No,,Enviroment
http://www.honduras.com/,No,,Culture
https://posteo.de/,No,,Communication Tools
https://it.wikipedia.org/,No,,Culture
https://www.spark.com/,No,,Online Dating
http://www.southcom.mil/,No,,Government
https://cdn-client.medium.com/lite/static/js/manifest.ef5f44d2.js,No,,Hosting and Blogging Platforms
https://www.ea.com/,No,,Gaming
https://www.blizzard.com/,No,,Gaming
https://pridesource.com/article/top-10-international-lgbt-stories-of-2018/,No,,LGBT
https://www.vpngate.net/,Yes,http-failure,Anonymization and circumvention tools
https://www.amazon.com/,No,,E-Commerce
http://www.pandora.com/,Yes,http-diff,Media Sharing
https://www.icij.org/,No,,News Media
https://grindr.mobi/,Yes,http-failure,LGBT
http://www.well.com/user/queerjhd/,No,,LGBT
https://carnegieendowment.org/,No,,Political Criticism
https://www.herdict.org/,No,,Human rights issues
https://www.rackspace.com/,No,,Hosting and Blogging Platforms
https://timesofindia.indiatimes.com/,No,,News Media
https://media0.giphy.com/robots.txt,No,,Hosting and Blogging Platforms
https://earthobservatory.nasa.gov/global-maps,No,,Enviroment
http://www.ibe.unesco.org/,No,,Intergovernmental Organizations
https://www.internationalrivers.org/,No,,Enviroment
https://dailystormer.in/,No,,Hate Speech
https://cdnjs.cloudflare.com/,No,,Hosting and Blogging Platforms
https://www.engenderhealth.org/,No,,Public Health
http://lgbtmap.org/,No,,LGBT
https://dzen.ru/,No,,Hosting and Blogging Platforms
http://www.wix.com/,No,,Hosting and Blogging Platforms
https://internationalfamilyequalityday.org/,No,,LGBT
https://dfiles.eu/,No,,File Sharing
https://minorityrights.org/,No,,Human rights issues
https://support.therapytribe.com/hivaids-support-group/,No,,Public Health
http://www.coquette.com/,No,,Provocative Attire
https://www.getoutline.org/,No,,Anonymization and circumvention tools
https://upload.wikimedia.org/wikipedia/commons/thumb/3/37/Generic_Camera_Icon.svg/100px-Generic_Camera_Icon.svg.png,No,,Culture
https://www.paralleleconomy.com/,No,,E-Commerce
https://untappd.com/,No,,Social Networking
https://www.freespeech.com/,No,,Human rights issues
https://www.af.mil/,No,,Government
https://test-ipv6.com/,No,,Communication Tools
https://www.vonage.com/,No,,Communication Tools
https://app.element.io/,No,,Communication Tools
http://www.msf.org/,No,,Public Health
http://www.speeddater.co.uk/,No,,Online Dating
https://www.rescue.org/,No,,Human rights issues
https://abortion.eu/,No,,Sex Education
https://archive.ph/,No,,Media Sharing
https://censored.tv/,No,,Media Sharing
http://www.unaids.org/,No,,Public Health
https://filen.io/,No,,File Sharing
https://www.occrp.org/,No,,Political Criticism
http://www.stopstreetharassment.org/,No,,Human rights issues
https://www.xbox.com/,No,,Gaming
https://www.givesendgo.com/,No,,Culture
https://www.benedelman.org/,No,,News Media
https://www.hrw.org/,No,,Human rights issues
https://www.anglicancommunion.org/,No,,Religion
https://www.democracycaucus.net/,No,,Political Criticism
https://www.ning.com/,No,,Social Networking
https://mega.nz/,No,,Anonymization and circumvention tools
https://www.thegeekdiary.com/,No,,Hacking Tools
https://pinboard.in/,No,,Media Sharing
https://goaskalice.columbia.edu/,No,,Sex Education
http://www.ask.com/,No,,Search engines
https://libgen.me/,No,,File Sharing
http://www.last.fm/,No,,Media Sharing
https://www.undp.org/,No,,Intergovernmental Organizations
http://www.ultimate-anonymity.com/,Yes,http-diff,Anonymization and circumvention tools
https://www.worldometers.info/coronavirus/,No,,Public Health
https://experience.arcgis.com/experience/685d0ace521648f8a5beeeee1b9125cd,No,,Public Health
https://account.proton.me/,No,,Communication Tools
https://world.internationalism.org/,No,,Political Criticism
https://hangouts.google.com/,No,,Communication Tools
https://www.roblox.com/,No,,Gaming
https://mstdn.jp/,No,,Social Networking
http://www.gmhc.org/,Yes,http-diff,LGBT
https://docs.github.com/en,No,,Hosting and Blogging Platforms
http://www.glaad.org/,No,,LGBT
https://unwatch.org/,No,,Human rights issues
https://www.tiktok.com/,No,,Social Networking
https://www.100webspace.com/,No,,Hosting and Blogging Platforms
https://docs.google.com/,No,,File Sharing
https://uk.match.com/,No,,Online Dating
http://www.glil.org/,No,,LGBT
http://www.inetprivacy.com/,Yes,http-diff,Anonymization and circumvention tools
http://www.acquisitionx.com/,No,,File Sharing
https://telegram.me/,No,,Communication Tools
http://www.oikoumene.org/,No,,Religion
https://rumble.com/,No,,Media Sharing
https://www.facebook.com/RTNews,No,,Social Networking
http://libgen.gs/,No,,File Sharing
http://www.ruf-ch.org/,No,,News Media
https://ilga.org/,No,,LGBT
http://www.nature.org/,No,,Enviroment
https://tacticaltech.org/,No,,News Media
https://uphold.com/,No,,E-Commerce
https://www.abortionno.org/,Yes,http-failure,Sex Education
https://orbot.app/,No,,Anonymization and circumvention tools
https://www.ewg.org/,No,,Enviroment
https://cf-ipfs.com/,No,,Communication Tools
https://laborrights.org/,No,,Human rights issues
https://www.jabber.ru/,No,,Communication Tools
https://www.wsj.com/,No,,News Media
https://prism-break.org/,No,,Anonymization and circumvention tools
https://ifacetimeapp.com/,No,,Communication Tools
https://www.cseindia.org/,No,,Enviroment
https://www.zoomshare.com/,No,,Hosting and Blogging Platforms
https://secure.avaaz.org/,Yes,http-failure,Human rights issues
http://www.microsofttranslator.com/,No,,Communication Tools
https://www.darpa.mil/,No,,Government
https://www.caritas.org/,No,,Human rights issues
https://www.yola.com/,No,,Hosting and Blogging Platforms
https://www.mojeek.com/,No,,Search engines
https://stackexchange.com/,No,,Hosting and Blogging Platforms
https://ssd.eff.org/,No,,Human rights issues
http://tdov.org/,No,,LGBT
https://dartcenter.org/,No,,News Media
http://www.omct.org/,No,,Human rights issues
https://www.dopplr.com/,No,,News Media
https://yts.mx/,No,,File Sharing
http://www.khrp.org/,No,,Human rights issues
http://www.gayegypt.com/,Yes,http-diff,LGBT
https://www.who.int/health-topics/hiv-aids/,No,,Public Health
https://rsf.org/,No,,Human rights issues
https://postimage.io/,No,,Media Sharing
https://www.aljazeera.net/,No,,News Media
https://www.googleapis.com/auth/cloud-platform,No,,Hosting and Blogging Platforms
https://bitcoin.org/,No,,E-Commerce
http://www.hackforums.net/,No,,Hacking Tools
https://lgbt.foundation/,Yes,http-failure,LGBT
https://www.democracynow.org/,No,,News Media
https://libgen.space/,No,,File Sharing
https://www.libgen.tw/,No,,File Sharing
https://www.mariestopes.org.uk/,No,,Public Health
https://hodlhodl.com/,No,,Economics
https://www.hidemyass.com/,Yes,http-failure,Anonymization and circumvention tools
https://www.snapchat.com/,No,,Communication Tools
https://actionaid.org/,No,,Human rights issues
https://www.2600.com/,No,,Hacking Tools
http://www.qhtyzx.com/,No,,News Media
https://www.shazam.com/,No,,Culture
https://www.gambling.com/,Yes,http-failure,Gambling
https://www.hotspotshield.com/,Yes,http-failure,Anonymization and circumvention tools
https://www.chromium.org/,No,,Hacking Tools
http://www.usafa.af.mil/,No,,Government
https://dweb.link/,No,,Communication Tools
https://doh.dns.sb/dns-query?dns=q80BAAABAAAAAAAAA3d3dwdleGFtcGxlA2NvbQAAAQAB,No,,Hosting and Blogging Platforms
http://www.online-dating.org/,No,,Online Dating
https://www.carbonbrief.org/,No,,Enviroment
http://www.1tv.ru/,No,,News Media
https://www.dd-rd.ca/,No,,Human rights issues
https://joinmastodon.org/,No,,Social Networking
https://abortionpillinfo.org/,No,,Sex Education
https://lokinet.org/,No,,Anonymization and circumvention tools
https://lookaside.facebook.com/robots.txt,No,,Social Networking
https://transparencyreport.google.com/,No,,Search engines
http://www.islamdoor.com/,No,,Religion
http://www.hrea.org/,No,,Human rights issues
http://www.topdrawers.com/,Yes,http-diff,Provocative Attire
https://en.miui.com/,No,,Hacking Tools
https://messages.google.com/,No,,Communication Tools
https://doh.centraleu.pi-dns.com/dns-query?dns=q80BAAABAAAAAAAAA3d3dwdleGFtcGxlA2NvbQAAAQAB,Yes,tcp_ip,Hosting and Blogging Platforms
http://www.satp.org/,No,,Terrorism and militants
https://duckduckgo.com/,No,,Search engines
https://www.namecheap.com/,No,,Hosting and Blogging Platforms
https://www.liveleak.com/,No,,Media Sharing
https://www.who.int/emergencies/diseases/novel-coronavirus-2019/,No,,Public Health
http://www.rollitup.org/,Yes,http-diff,Alcohol and Drugs
https://www.partypoker.net/,Yes,http-failure,Gambling
https://amphetamines.com/,No,,Alcohol and Drugs
http://sakhr.com/,No,,Communication Tools
https://en.m.wikipedia.org/,No,,Culture
https://www.thetrevorproject.org/,No,,LGBT
http://www.rxmarijuana.com/,Yes,http-diff,Alcohol and Drugs
https://dl.acm.org/,No,,Media Sharing
https://medpot.net/,No,,Alcohol and Drugs
https://rtr-planeta.com/,Yes,tcp_ip,News Media
https://www.internetsociety.org/,No,,Economics
https://www.blackberry.com/,No,,Media Sharing
http://www.orthodoxconvert.info/,No,,Religion
http://www.formercatholic.com/,No,,Religion
https://www.icrc.org/en/home,No,,Government
http://www.worldcoalition.org/,No,,Human rights issues
https://www.minds.com/,No,,Social Networking
https://www.bing-amp.com/v0/amp-iframe-0.1.js,No,,Hosting and Blogging Platforms
http://www.sbc.net/,No,,Human rights issues
http://www.bahai.org/,No,,Religion
http://www.medecinsdumonde.org/,No,,Public Health
https://ntc.party/,Yes,http-failure,Social Networking
https://asiatimes.com/,No,,News Media
http://www.typepad.com/,No,,Hosting and Blogging Platforms
https://getlantern.org/,Yes,http-failure,Anonymization and circumvention tools
https://microsoftedge.microsoft.com/addons/Microsoft-Edge-Extensions-Home,No,,File Sharing
http://www.schwarzreport.org/,No,,Culture
http://www.sida.se/,No,,Economics
https://codeberg.org/,Yes,http-failure,Hosting and Blogging Platforms
https://ultrasurf.us/,Yes,http-failure,Anonymization and circumvention tools
http://www.islamic-relief.com/,No,,Religion
http://www.jmarshall.com/tools/cgiproxy/,Yes,http-diff,Anonymization and circumvention tools
https://www.gnupg.org/,No,,Anonymization and circumvention tools
https://www.telegraph.co.uk/,No,,News Media
https://www.eharmony.com/,No,,Online Dating
https://www.walmart.com/,No,,E-Commerce
https://www.akdn.org/,No,,Economics
https://www.ahram.org.eg/,No,,News Media
https://vimeo.com/,No,,Media Sharing
https://rebellion.global/,No,,Enviroment
https://www.cfr.org/backgrounder/same-sex-marriage-global-comparisons,No,,LGBT
https://friendfinder.com/,No,,Online Dating
https://1337x.st/,No,,File Sharing
https://localcryptos.com/,No,,Economics
http://www.sina.com.cn/,No,,Search engines
https://imp.free.fr/,No,,Communication Tools
https://openobservatory.slack.com/,No,,Communication Tools
https://www.beerinfo.com/,No,,Alcohol and Drugs
https://reproductiverights.org/,No,,Human rights issues
https://freespeechdebate.com/,No,,Political Criticism
https://www.wikipedia.org/,No,,Culture
http://www.casinotropez.com/,Yes,dns,Gambling
http://www.spinpalace.com/,Yes,http-diff,Gambling
https://www.goldenpalace.com/,Yes,http-failure,Gambling
http://www.vatican.va/,No,,Religion
https://private.canadianshield.cira.ca/dns-query?dns=q80BAAABAAAAAAAAA3d3dwdleGFtcGxlA2NvbQAAAQAB,No,,Hosting and Blogging Platforms
https://www.episcopalrelief.org/,No,,Economics
https://www.om.org/,Yes,http-failure,Religion
https://www.ntv.ru/,No,,News Media
http://www.nato.int/,No,,Intergovernmental Organizations
http://www.riverbelle.com/,Yes,http-diff,Gambling
http://www.heritage.org/,No,,Political Criticism
https://nextstrain.org/ncov,No,,Public Health
https://frontlineaids.org/,No,,Sex Education
https://www.meetup.com/,No,,Social Networking
https://www.ddo.com/,No,,Gaming
https://secfirst.org/,No,,Human rights issues
https://archive.org/,No,,Media Sharing
https://strongvpn.com/,Yes,http-failure,Anonymization and circumvention tools
http://connect.rom.miui.com/generate_204,No,,Control Content
https://www.ohchr.org/,No,,Human rights issues
https://www.ou.org/,No,,Human rights issues
https://badoo.com/,No,,Social Networking
https://ente.io/,No,,File Sharing
https://iyfglobal.org/,No,,Human rights issues
http://www.ohchr.org/english/bodies/hrcouncil/,No,,Human rights issues
https://secondlife.com/,No,,Social Networking
http://www.eurogrand.com/,No,,Gambling
http://libgen.lc/,No,,File Sharing
https://www.change.org/,No,,Human rights issues
https://espiv.net/,No,,Communication Tools
http://gaytoday.com/,Yes,http-diff,LGBT
https://www.wilpf.org/,No,,Human rights issues
http://www.sportingbet.com/,Yes,http-failure,Gambling
https://mail.yandex.ru/,No,,Communication Tools
https://mmg.whatsapp.net/robots.txt,No,,Communication Tools
http://www.searchindia.com/,No,,Search engines
http://www.zeit.de/,No,,News Media
https://anon.inf.tu-dresden.de/,Yes,http-failure,Anonymization and circumvention tools
https://zoom.us/,No,,Communication Tools
https://btggaming.com/,No,,Gambling
https://www.ccc.de/,No,,Hacking Tools
https://www.mp3.com/,No,,Culture
https://www.instagram.com/,No,,Media Sharing
http://www.keptprivate.com/,No,,Communication Tools
https://veracrypt.fr/,No,,Anonymization and circumvention tools
http://www.ultimatebirthcontrol.com/,No,,Sex Education
https://sourceforge.net/,No,,Hacking Tools
https://avatars.mds.yandex.net/robots.txt,No,,Search engines
https://video.google.com/,No,,Search engines
https://presearch.org/,No,,Search engines
https://fr.wikipedia.org/,No,,Culture
https://sentry.io/api/0/,No,,Control Content
https://alignpay.com/,No,,E-Commerce
https://worldofwarcraft.com/,No,,Gaming
https://en.wikipedia.org/,No,,Culture
https://www.carbonmap.org/,No,,Enviroment
https://www.almanar.com.lb/,Yes,http-failure,News Media
https://www.salvationarmy.org/,No,,Religion
https://vesselthefilm.com/,No,,Sex Education
http://www.repubblica.com/,No,,News Media
http://www.hrc.org/,No,,LGBT
https://ya.ru/,No,,Search engines
https://outlook.live.com/,No,,Communication Tools
http://www.isiswomen.org/,No,,Human rights issues
https://www.privacidade.digital/,No,,Anonymization and circumvention tools
https://zh.wikipedia.org/,No,,Culture
http://www.google.com/search?q=transsexual,No,,LGBT
https://www.openpgp.org/,No,,Anonymization and circumvention tools
http://www.piratpartiet.se/,No,,Political Criticism
https://www.bing.com/covid,No,,Search engines
http://abc.go.com/,No,,News Media
https://libgen.xyz/,No,,File Sharing
https://bintray.com/,No,,File Sharing
https://www.francemediasmonde.com/,No,,News Media
https://www.idrc.ca/,No,,Economics
https://1.0.0.3/dns-query?dns=q80BAAABAAAAAAAAA3d3dwdleGFtcGxlA2NvbQAAAQAB,No,,Hosting and Blogging Platforms
https://stackoverflow.com/,No,,Hosting and Blogging Platforms
https://www.eln-voces.com/,No,,Hosting and Blogging Platforms
http://www.humanrightsfirst.org/,No,,Human rights issues
https://i2pd.website/,No,,Anonymization and circumvention tools
https://securevpn.com/,Yes,http-failure,Anonymization and circumvention tools
https://www.laquadrature.net/,No,,Human rights issues
http://imo.im/,Yes,http-diff,Communication Tools
https://srhrforall.org/,No,,Sex Education
https://www.mediafire.com/,No,,Media Sharing
https://trello.com/,No,,Communication Tools
http://www.cidh.org/,No,,Human rights issues
https://www.weforum.org/,No,,Economics
http://www.4online-gambling.com/,No,,Gambling
https://www.infowars.com/,No,,News Media
https://infidels.org/,No,,Culture
https://www.rtarabic.com/,No,,News Media
https://www.imqq.com/,No,,Social Networking
https://android.googleapis.com/robots.txt,No,,Hosting and Blogging Platforms
https://ar.wikipedia.org/,No,,Culture
https://spys.one/,No,,Anonymization and circumvention tools
http://www.survive.org.uk/,No,,Sex Education
http://www.xinjiang.gov.cn/,No,,Government
https://archiveofourown.org/,No,,Culture
https://plan-uk.org/,No,,Economics
http://www.oicc.org/,No,,Religion
https://www.kff.org/global-health-policy/fact-sheet/coronavirus-tracker/,No,,Public Health
http://www.rollingstone.com/,No,,Culture
https://allout.org/,No,,LGBT
https://friendsoftheearth.uk/,No,,Enviroment
https://z-lib.org/,No,,File Sharing
https://kat.am/,No,,File Sharing
https://www.bbc.com/,No,,News Media
http://ping.archlinux.org/,No,,Control Content
https://play-lh.googleusercontent.com/SZ7vNaa9txw_JsYsiOOP4_4fOaKfJVMQ-_aM10MW7x93IPDYoqdIkHSw-ffCgBABFSM=s256-rw,No,,Hosting and Blogging Platforms
https://creativecommons.org/,No,,News Media
https://vector.im/_matrix/identity/api/v1,No,,Communication Tools
https://www.dailysabah.com/,Yes,http-failure,News Media
https://www.hyphanet.org/,No,,Anonymization and circumvention tools
http://www.http-tunnel.com/,No,,Anonymization and circumvention tools
https://isa.gov.ly/,No,,Government
https://www.csmonitor.com/,No,,News Media
https://www.iucn.org/,No,,Enviroment
https://www.yubo.live/,No,,Social Networking
http://www.cesr.org/,No,,Human rights issues
http://lambdalegal.org/,No,,LGBT
https://credibilitycoalition.org/,No,,Culture
https://emchurch.org/,No,,Religion
https://sci-hub.se/,No,,File Sharing
http://www.imf.org/,No,,Economics
https://epicgames.com/,No,,Gaming
https://www.habbo.com/,No,,Gaming
https://www.wiktionary.org/,No,,Culture
https://kick.com/,No,,Media Sharing
https://howtogrowmarijuana.com/,Yes,http-failure,Alcohol and Drugs
https://oceanconservancy.org/,No,,Enviroment
https://www.gearthblog.com/,No,,News Media
http://www.wnd.com/,No,,News Media
https://mstdn.io/,No,,Social Networking
https://mozilla.cloudflare-dns.com/dns-query?dns=q80BAAABAAAAAAAAA3d3dwdleGFtcGxlA2NvbQAAAQAB,No,,Hosting and Blogging Platforms
https://yt3.ggpht.com/a-/AOh14GhGCI1dxtHOY_TDQfmxDBK_S7CHTPJ3U6zOUw=s480-c-k-c0x00ffffff-no-rj-mo,No,,Hosting and Blogging Platforms
https://www.gstatic.com/robots.txt,No,,Hosting and Blogging Platforms
https://transequality.org/,No,,LGBT
https://www.echr.coe.int/,No,,Human rights issues
https://www.uber.com/,No,,E-Commerce
https://www.excite.com/,No,,Search engines
http://www.abcunderwear.com/,Yes,http-diff,Provocative Attire
https://nypost.com/,No,,News Media
https://amp.cloudflare.com/v0/amp-iframe-0.1.js,No,,Hosting and Blogging Platforms
https://www.eccouncil.org/,No,,Hacking Tools
https://pirateparty.org.au/,No,,Political Criticism
https://hornet.com/,Yes,dns,LGBT
http://www.judaism.com/,No,,Religion
http://www.uscg.mil/,No,,Government
http://www.riftgame.com/,No,,Gaming
https://www.msn.com/,No,,Search engines
https://www.doctissimo.fr/,No,,Public Health
https://www.ipvanish.com/,Yes,http-failure,Anonymization and circumvention tools
http://www.irna.ir/,Yes,http-diff,News Media
https://www.goodreads.com/,No,,Culture
https://threema.ch/,No,,Anonymization and circumvention tools
https://www.progressio.org.uk/,No,,Economics
https://download.cnet.com/,No,,File Sharing
https://boingboing.net/,No,,News Media
https://www.concern.net/,No,,Economics
http://connectivitycheck.gstatic.com/generate_204,No,,Control Content
https://www.emailaddresses.com/,No,,Hosting and Blogging Platforms
https://leap.se/,No,,Anonymization and circumvention tools
https://www.autistici.org/,No,,Hosting and Blogging Platforms
https://www.shoe.org/,Yes,http-failure,LGBT
https://www.usatoday.com/,No,,News Media
https://securevpn.im/,No,,Anonymization and circumvention tools
https://www.lovoo.com/,No,,Online Dating
https://www.adl.org/,No,,Religion
https://www.defense.gov/,No,,Government
https://lgbtnewsnow.org/,No,,LGBT
https://ajax.aspnetcdn.com/ajax/4.5.2/1/MicrosoftAjax.js,No,,Hosting and Blogging Platforms
http://www.transwhiz.com/,No,,Communication Tools
https://www.gofundme.com/,No,,Economics
https://yandex.com/,No,,Communication Tools
http://www.mailinator.com/,No,,Communication Tools
https://www.clubhouse.com/,No,,Social Networking
https://api.github.com/,No,,Hosting and Blogging Platforms
https://bitbucket.org/,No,,Hosting and Blogging Platforms
https://ar.m.wikipedia.org/,No,,Culture
https://video-preview.s3.yandex.net/robots.txt,No,,Search engines
https://www.exgay.com/,No,,LGBT
https://opera.com/,Yes,tcp_ip,Anonymization and circumvention tools
https://8.8.8.8/dns-query?dns=q80BAAABAAAAAAAAA3d3dwdleGFtcGxlA2NvbQAAAQAB,No,,Hosting and Blogging Platforms
https://www.theguardian.com/,No,,News Media
https://www.catholic.org/,No,,Religion
https://www.darknet.org.uk/,No,,Hacking Tools
https://discordapp.com/,No,,Communication Tools
https://www.gnu.org/,No,,Anonymization and circumvention tools
http://www.monacogoldcasino.com/,Yes,http-diff,Gambling
https://nazarene.org/,No,,Religion
https://www.bacardi.com/,No,,Alcohol and Drugs
https://chrome.google.com/webstore/category/extensions,No,,File Sharing
https://www.lushstories.com/,No,,Culture
https://www.opendns.com/,No,,Anonymization and circumvention tools
https://www.globalwitness.org/,No,,Enviroment
http://www.ecequality.org/,No,,LGBT
https://www.queerty.com/,No,,LGBT
https://totaljerkface.com/,No,,Gaming
https://www.baidu.com/,No,,Search engines
https://en.wikipedia.org/wiki/2019%E2%80%9320_coronavirus_pandemic,No,,Culture
https://riseup.net/,No,,Anonymization and circumvention tools
http://www.iaffe.org/,Yes,http-failure,Human rights issues
http://www.pof.com/,No,,Online Dating
https://www.womenonweb.org/,No,,Human rights issues
https://doubleclick.net/,No,,E-Commerce
https://ccrjustice.org/,No,,Human rights issues
http://www.ucc.org/,No,,Human rights issues
http://www.rfi.fr/,No,,News Media
https://www.gamespot.com/,No,,Gaming
http://xxx.lanl.gov/,No,,News Media
https://bit.ly/,No,,Hosting and Blogging Platforms
https://www.ran.org/,No,,Enviroment
https://app.simplelogin.io/,No,,Communication Tools
https://www.onlinegambling.com/,Yes,http-failure,Gambling
https://www.gov.uk/,No,,Government
https://www.copticchurch.net/,No,,Religion
https://tinyurl.com/,No,,Hosting and Blogging Platforms
http://detectportal.firefox.com/success.txt,No,,Control Content
https://www.eff.org/,No,,Human rights issues
https://www.savethechildren.net/,No,,Human rights issues
https://www.crisisgroup.org/,No,,Human rights issues
https://radiofreel.github.io/,No,,Anonymization and circumvention tools
https://theintercept.com/,No,,News Media
https://www.ceceurope.org/,No,,Religion
https://www.reuters.com/,No,,News Media
http://www.onlinewomeninpolitics.org/,No,,Human rights issues
http://www.privaterra.org/,No,,Human rights issues
http://www.umc.org/,No,,Religion
https://www.paganpride.org/,No,,Religion
http://discord.gg/,No,,Communication Tools
https://mattermost.com/,No,,Communication Tools
http://fteproxy.org/,No,,Anonymization and circumvention tools
https://mobile.element.io/,No,,Communication Tools
https://staticxx.facebook.com/robots.txt,No,,Social Networking
http://www.opec.org/,No,,Intergovernmental Organizations
https://www.foxnews.com/,No,,News Media
https://telegra.ph/,Yes,http-failure,Hosting and Blogging Platforms
http://www.inminds.co.uk/,No,,Political Criticism
https://www.ananzi.co.za/,No,,Search engines
https://git.io/,No,,Hosting and Blogging Platforms
https://www.abortoinfosegura.com/,No,,Sex Education
http://www.theglobalfund.org/,No,,Public Health
https://mirror.cyberbits.eu/fdroid/repo,No,,File Sharing
https://www.cis.minsk.by/,No,,Government
http://www.ohmynews.com/,No,,News Media
https://www.unfe.org/,No,,LGBT
https://pixelfed.social/,No,,Social Networking
https://www.muckrock.com/,No,,News Media
https://9gag.com/,No,,Social Networking
https://proxify.com/,Yes,http-failure,Anonymization and circumvention tools
https://occupystreams.org/,No,,Political Criticism
http://www.sputniknews.cn/,No,,News Media
https://cid.contact/,No,,Communication Tools
https://storymaps.arcgis.com/stories/4fdc0d03d3a34aa485de1fb0d2650ee0,No,,Public Health
https://abs.twimg.com/sticky/default_profile_images/default_profile_normal.png,No,,Social Networking
https://put.io/,No,,File Sharing
http://www.towleroad.com/,No,,LGBT
http://www.tsroadmap.com/,Yes,http-diff,LGBT
https://www.dw.com/,No,,News Media
https://subscene.com/,No,,Culture
http://www.linphone.org/,No,,Communication Tools
https://imageshack.com/,No,,Media Sharing
https://triller.co/,No,,Social Networking
https://www.ucsusa.org/,No,,Enviroment
https://files.pythonhosted.org/,No,,File Sharing
https://arc-international.net/,No,,LGBT
https://www.gutenberg.org/,No,,Culture
https://mail.ru/,No,,News Media
http://www.itsyoursexlife.com/,Yes,tcp_ip,Sex Education
https://www.bbc.co.uk/,No,,News Media
https://www.chess.com/,No,,Gaming
https://www.cbc.ca/,No,,News Media
https://www.mail.com/,No,,Communication Tools
http://www.veoh.com/,No,,Media Sharing
https://dns.adguard.com/dns-query?dns=q80BAAABAAAAAAAAA3d3dwdleGFtcGxlA2NvbQAAAQAB,No,,Hosting and Blogging Platforms
https://download.cnet.com/Freegate/3000-2085_4-10415391.html,No,,File Sharing
https://preview.redd.it/robots.txt,No,,Social Networking
https://blockdx.co/,No,,Economics
https://app.slack.com/robots.txt,No,,Communication Tools
https://openvpn.net/,Yes,http-failure,Anonymization and circumvention tools
https://www.earthrights.org/,No,,Enviroment
https://moodle.org/,No,,E-Commerce
https://www.ideasbeyondborders.org/,No,,Culture
https://www.unwomen.org/en/news/stories?topic=f8c6fb042b184dd482c36bf10173a6aa,No,,LGBT
https://www.freespeechcoalition.com/,Yes,http-failure,Human rights issues
https://atlasofsurveillance.org/,No,,Human rights issues
https://www.mc-doualiya.com/,No,,News Media
https://es.m.wikipedia.org/,No,,Culture
https://www.eurobicon.org/,No,,LGBT
http://www.originalelf.com/,No,,Terrorism and militants
http://www.mizzima.com/,No,,News Media
https://www.guildwars.com/,No,,Gaming
https://www.coolmathgames.com/,No,,Gaming
https://www.churchofeuthanasia.org/,Yes,http-failure,Political Criticism
http://www.idea.int/,No,,Political Criticism
https://vgtrk.ru/,No,,News Media
http://opportunity.org/,No,,Economics
https://web.wechat.com/,No,,Communication Tools
https://www.ecdc.europa.eu/en/geographical-distribution-2019-ncov-cases,No,,Public Health
https://www.rt.com/,No,,News Media
https://cdt.org/,No,,Human rights issues
http://www.radicalparty.org/,No,,Human rights issues
https://www.genymotion.com/,No,,Hacking Tools
https://feminist.org/,No,,Human rights issues
https://www.dictionary.com/,No,,Culture
https://www.linkedin.com/,No,,Social Networking
https://plug-mirror.rcac.purdue.edu/fdroid/repo,No,,File Sharing
http://www.newnownext.com/,No,,LGBT
https://www.piratenpartei.ch/,No,,Political Criticism
https://assets.gitlab-static.net/robots.txt,No,,Hosting and Blogging Platforms
https://foursquare.com/,No,,Social Networking
http://www.webbox.com/index.php,No,,Communication Tools
https://www.hitler.org/,No,,Culture
https://www.cbsnews.com/,No,,News Media
https://qph.fs.quoracdn.net/main-thumb-1117688072-200-uijiqfjcmlvaxczdrlawbgyaomfocdnt.jpeg,No,,Social Networking
https://mastodon.social/,No,,Social Networking
https://scontent.xx.fbcdn.net/robots.txt,No,,Social Networking
http://russia.tv/,Yes,tcp_ip,News Media
https://www.rambler.ru/,No,,News Media
https://ifeminists.com/,No,,Human rights issues
https://krunker.io/,No,,Gaming
https://sites.google.com/,No,,Hosting and Blogging Platforms
https://www.privateinternetaccess.com/,Yes,http-failure,Anonymization and circumvention tools
https://www.mideastyouth.com/,No,,News Media
https://coinmarketcap.com/,No,,Economics
http://www.judaismconversion.org/,No,,Religion
http://www.iskcon.com/,No,,Human rights issues
https://www.urduvoa.com/,No,,News Media
http://www.euro.who.int/en/health-topics/health-emergencies/coronavirus-covid-19,Yes,tcp_ip,Public Health
https://www.ft.com/,No,,News Media
https://www.ilga-europe.org/,No,,LGBT
http://www.people.com.cn/,No,,News Media
http://shamash.org/,No,,Religion
https://www.eluniversal.com/,No,,News Media
https://es.wikipedia.org/,No,,Culture
https://www.knapsackforhope.org/,No,,Anonymization and circumvention tools
https://www.dextroverse.org/,Yes,http-failure,Alcohol and Drugs
https://store.steampowered.com/,No,,Gaming
https://gab.com/,No,,Social Networking
http://www.fotolog.com/,No,,Media Sharing
https://www.startmail.com/,No,,Communication Tools
https://abortionfunds.org/,No,,Sex Education
http://www.no-porn.com/,No,,Public Health
https://www.globalpolicy.org/,No,,Intergovernmental Organizations
http://www.lasenza.com/,No,,Provocative Attire
https://media.fevn1-1.fna.whatsapp.net/robots.txt,No,,Communication Tools
http://www.ihf-hr.org/,No,,Human rights issues
http://www.tialsoft.com/download/,No,,Communication Tools
http://onlybingo.com/,Yes,http-diff,Gambling
https://cdn.fbsbx.com/favicon.ico,No,,Social Networking
https://www.scruff.com/,Yes,http-failure,LGBT
http://www.sexandu.ca/,No,,Sex Education
https://1.0.0.1/dns-query?dns=q80BAAABAAAAAAAAA3d3dwdleGFtcGxlA2NvbQAAAQAB,No,,Hosting and Blogging Platforms
http://www.xxlmag.com/,No,,Culture
https://www.protectioninternational.org/,No,,Human rights issues
http://www.buddhanet.net/,No,,Religion
https://massbrowser.cs.umass.edu/,No,,Anonymization and circumvention tools
https://panties.com/,Yes,http-failure,Provocative Attire
https://www.jackpotcitycasino1.com/,Yes,http-failure,Gambling
https://www.ariannelingerie.com/,No,,Provocative Attire
https://www.edf.org/,No,,Enviroment
https://www.cartercenter.org/,No,,Human rights issues
https://movabletype.com/,No,,Hosting and Blogging Platforms
https://www.origin.com/,No,,Gaming
https://www.episcopalchurch.org/,No,,Religion
https://www.bitfinex.com/,No,,E-Commerce
https://i2pforum.net/,No,,Anonymization and circumvention tools
http://www.wftucentral.org/,No,,Human rights issues
https://www.jihadwatch.org/,Yes,http-failure,Political Criticism
http://www.msftconnecttest.com/connecttest.txt,No,,Control Content
https://tuta.com/,No,,Communication Tools
http://www.jackdaniels.com/,No,,Alcohol and Drugs
https://search.aol.com/,No,,Search engines
https://wikileaks.org/,No,,Political Criticism
http://www.slsknet.org/,No,,File Sharing
http://www.translate.ru/,No,,Communication Tools
https://mastodon.cloud/,No,,Social Networking
https://de.wikipedia.org/,No,,Culture
https://www.benarnews.org/,No,,Human rights issues
https://technorati.com/,No,,Hosting and Blogging Platforms
https://www.quora.com/,No,,Social Networking
https://www.blockchain.com/,No,,Hacking Tools
https://now.org/,No,,Human rights issues
https://www.surfeasy.com/,Yes,http-failure,Anonymization and circumvention tools
https://f-droid.org/,No,,File Sharing
https://www.kraken.com/,No,,E-Commerce
https://www.birthcontrol.com/,No,,Sex Education
https://www.scribd.com/,No,,File Sharing
http://www.un.org/docs/sc/,No,,Intergovernmental Organizations
http://www.well.com/,No,,LGBT
https://pulse.internetsociety.org/,No,,Intergovernmental Organizations
https://www.hotbot.com/,No,,Search engines
https://gettr.com/,No,,Social Networking
https://hola.org/,Yes,http-failure,Anonymization and circumvention tools
https://www.projectveritas.com/,No,,News Media
https://www.peta.org/,No,,Enviroment
https://www.sendthisfile.com/,No,,Media Sharing
https://outrightinternational.org/,No,,LGBT
http://kremlin.ru/,No,,Government
http://www.bicommunitynews.co.uk/,No,,LGBT
https://defcon.org/,No,,Hacking Tools
https://use-application-dns.net/,No,,Control Content
https://github.com/,No,,Hosting and Blogging Platforms
https://www.rarbg.to/,Yes,tcp_ip,File Sharing
https://www.eea.europa.eu/,No,,Enviroment
https://dit.whatsapp.net/robots.txt,No,,Communication Tools
http://ren.tv/,No,,News Media
https://disqus.com/,No,,Communication Tools
https://photos.google.com/,No,,Media Sharing
https://tse1.explicit.bing.net/robots.txt,Yes,http-failure,Search engines
https://adium.im/,No,,Social Networking
http://www.hackhull.com/,No,,Hacking Tools
https://a.slack-edge.com/f70ec/img/test_cdn_pixel.gif,No,,Communication Tools
https://api.protonvpn.ch/tests/ping,No,,Anonymization and circumvention tools
http://www.zzn.com/,No,,Communication Tools
http://www.dogpile.com/,No,,Search engines
http://www.cyber-pirates.org/,No,,Hacking Tools
http://www.centcom.mil/,No,,Government
https://kiwifarms.net/,No,,Social Networking
https://upload.twitter.com/robots.txt,No,,Social Networking
https://limetorrents.pro/,No,,File Sharing
https://www.ipair.com/,No,,Online Dating
https://www.victoriassecret.com/,No,,Provocative Attire
https://149.112.112.9/dns-query?dns=q80BAAABAAAAAAAAA3d3dwdleGFtcGxlA2NvbQAAAQAB,No,,Hosting and Blogging Platforms
https://dn42.dev/Home,No,,Anonymization and circumvention tools
https://www.isa.org.jm/,No,,Intergovernmental Organizations
https://www.search.com/,No,,Search engines
https://proxy.i2phides.me/,No,,Anonymization and circumvention tools
https://ru.wiktionary.org/,No,,Culture
http://libgen.li/,Yes,http-failure,File Sharing
https://hightimes.com/,Yes,http-failure,Alcohol and Drugs
https://insecure.org/,No,,Hacking Tools
http://www.transparency.org/,No,,Political Criticism
https://www.cdc.gov/coronavirus/2019-ncov/cases-updates/world-map.html,No,,Public Health
https://www.privacytools.io/,No,,Human rights issues
http://www.protest.net/,No,,Human rights issues
http://www.metacrawler.com/,No,,Search engines
https://commons.wikimedia.org/,No,,Culture
http://justicewomen.com/,No,,Human rights issues
http://www.on-instant.com/,No,,Communication Tools
http://www.sealswcc.com/,No,,Government
http://ria.ru/,No,,News Media
https://scontent-vie1-1.cdninstagram.com/favicon.ico,No,,Social Networking
https://zenvpn.net/,Yes,http-failure,Anonymization and circumvention tools
https://app.wire.com/,No,,Communication Tools
http://www.lycos.com/,No,,Search engines
https://translate.google.com/,No,,Communication Tools
https://www.aljazeera.com/,No,,News Media
https://icao.maps.arcgis.com/apps/opsdashboard/index.html#/977dde48256b489fb48fa98e724721e8,No,,Public Health
http://www.tialsoft.com/multitranse/,No,,Communication Tools
https://quran.com/?local=en,No,,Religion
https://www.weebly.com/,No,,Hosting and Blogging Platforms
http://www.fark.com/,No,,Hosting and Blogging Platforms
http://www.scientology.org/,No,,Religion
https://weedmaps.com/,Yes,http-failure,Alcohol and Drugs
https://www.privacyinternational.org/,No,,Human rights issues
https://www.leaseweb.com/,No,,Hosting and Blogging Platforms
http://www.slideshare.net/,No,,Media Sharing
https://www.zoho.com/,No,,File Sharing
https://www.awid.org/,No,,Human rights issues
http://www.freeexpression.org/,No,,News Media
http://hrlibrary.umn.edu/iwraw/,No,,Human rights issues
https://www.cato.org/,No,,Human rights issues
https://eztv.re/,No,,File Sharing
https://www.epik.com/,No,,Hosting and Blogging Platforms
https://cc.bingj.com/cache.aspx?q=nothing,No,,Search engines
http://thenationalcampaign.org/,No,,Sex Education
https://www.dailywire.com/,No,,News Media
https://pps.whatsapp.net/robots.txt,No,,Communication Tools
https://ja.wikipedia.org/,No,,Culture
https://prolife.com/,No,,Sex Education
http://www.luckynugget.com/,Yes,http-diff,Gambling
https://www.purevpn.com/,Yes,http-failure,Anonymization and circumvention tools
http://www.talkyou.me/,No,,Communication Tools
http://tanzil.net/,No,,Religion
https://i.pinimg.com/236x/78/6e/00/786e00eab219eca59803d118fbe0feb3.jpg,No,,Social Networking
http://www.blogsome.com/,No,,Hosting and Blogging Platforms
https://www.gatesfoundation.org/,No,,Public Health
https://wearechange.org/,No,,News Media
http://www.womensmediacenter.com/,No,,Human rights issues
http://www.imdb.com/,No,,Culture
https://doh.opendns.com/dns-query?dns=q80BAAABAAAAAAAAA3d3dwdleGFtcGxlA2NvbQAAAQAB,No,,Hosting and Blogging Platforms
https://cloudflare-ipfs.com/,No,,Communication Tools
http://www.latimes.com/,No,,News Media
http://www.pravda.ru/,No,,News Media
https://moodle.com/,No,,Hosting and Blogging Platforms
http://www.teensource.org/,No,,Sex Education
http://www.dit-inc.us/,Yes,http-diff,Anonymization and circumvention tools
https://www.meetme.com/,No,,Social Networking
http://www.royalvegas.com/,Yes,http-diff,Gambling
https://scontent-ams4-1.cdninstagram.com/favicon.ico,No,,Social Networking
https://blog.mozilla.org/,No,,Hacking Tools
https://www.wmtransfer.com/,No,,E-Commerce
http://canna.to/,No,,File Sharing
https://lens.google.com/uploadbyurl?url=https%3A%2F%2Fwww.google.com%2Fimages%2Fbranding%2Fgooglelogo%2F1x%2Fgooglelogo_color_150x54dp.png&hl=en-US&ep=gisb,No,,Search engines
http://transsexual.org/,Yes,http-diff,LGBT
http://www.metacafe.com/,No,,Media Sharing
https://matcha.xyz/,No,,Economics
https://www.crs.org/,No,,Economics
https://cinemata.org/,No,,Media Sharing
http://www.bittornado.com/,No,,File Sharing
https://sourceforge.net/projects/loic/,No,,Hacking Tools
http://stealthchat.com/,Yes,tcp_ip,Communication Tools
https://www.megaproxy.com/,Yes,http-failure,Anonymization and circumvention tools
https://www.whatsapp.com/,No,,Communication Tools
https://www.climaterealityproject.org/,No,,Enviroment
https://www.americannaziparty.com/,No,,Hate Speech
https://1337x.to/,No,,File Sharing
https://coronavirus.app/,No,,Public Health
https://www.jw.org/,No,,Religion
https://signal.org/,No,,Communication Tools
https://www.gazprombank.ru/,No,,E-Commerce
http://connectivitycheck.android.com/generate_204,No,,Control Content
https://maps.org/,No,,Alcohol and Drugs
http://www.indiatimes.com/,No,,News Media
https://rargb.to/,No,,File Sharing
https://www.afp.com/,No,,News Media
http://www.theepochtimes.com/,No,,News Media
https://www.interpol.int/,No,,Government
http://www.auduboninternational.org/,No,,Enviroment
https://repo1.maven.org/,No,,Control Content
http://www.stratcom.mil/,No,,Government
https://www.webs.com/,No,,Hosting and Blogging Platforms
https://www.gov.ie/en/campaigns/c36c85-covid-19-coronavirus/,No,,Public Health
https://www.bat.com/,No,,Alcohol and Drugs
https://giganews.com/,No,,E-Commerce
http://www.washingtontimes.com/,No,,News Media
https://multimedia.scmp.com/infographics/news/china/article/3047038/wuhan-virus/index.html?src=article-launcher,No,,Public Health
https://www.familycareintl.org/,No,,Public Health
http://www.qhnews.com/,No,,News Media
https://www.drugsdata.org/,Yes,http-failure,Alcohol and Drugs
https://www.worldwildlife.org/,No,,Enviroment
http://www.online-translator.com/,No,,Communication Tools
https://www.3wishes.com/,Yes,http-failure,Provocative Attire
https://www.haaretz.com/,No,,News Media
http://www.paltalk.com/,No,,Communication Tools
https://www.bitchute.com/,No,,Media Sharing
https://www.atheistalliance.org/,No,,Religion
https://www.globalgiving.org/,No,,Economics
http://www.photobucket.com/,No,,Media Sharing
https://itgetsbetter.org/,No,,LGBT
http://www.jhr.ca/,No,,Human rights issues
https://www.deathmetal.org/,No,,Culture
https://foreignpolicy.com/,No,,News Media
https://www.pinknews.co.uk/,No,,LGBT
https://valence.community/,No,,Social Networking
https://dlive.tv/,No,,Hosting and Blogging Platforms
https://www.xroxy.com/,No,,Anonymization and circumvention tools
https://cocaine.org/,No,,Public Health
https://www.fondationdefrance.org/,No,,Political Criticism
https://digg.com/,No,,Culture
http://r3.o.lencr.org/,No,,Hosting and Blogging Platforms
http://www.righttodie.ca/,No,,Human rights issues
https://www.btselem.org/,No,,Human rights issues
https://www.openstreetmap.org/,No,,Search engines
https://www.ictj.org/,No,,Human rights issues
https://www.subscribestar.com/,No,,Media Sharing
http://libgen.rs/,No,,File Sharing
https://www.ectaco.com/,No,,Communication Tools
https://www.namecoin.org/,No,,Anonymization and circumvention tools
http://www.globalr2p.org/,No,,Human rights issues
https://dns.google/,No,,Hosting and Blogging Platforms
https://mashable.com/,No,,Culture
https://liveuamap.com/,No,,News Media
https://gitlab.com/,No,,Hosting and Blogging Platforms
http://www.tripod.lycos.com/,No,,Hosting and Blogging Platforms
https://fosfeminista.org/,No,,Sex Education
http://www.utorrent.com/,No,,File Sharing
https://we.riseup.net/,No,,Hosting and Blogging Platforms
https://www.pinkcupid.com/,No,,LGBT
https://libgen.fun/,Yes,tcp_ip,File Sharing
https://cryptpad.fr/,No,,Anonymization and circumvention tools
http://www.aseansec.org/,No,,Government
http://www.amnestyusa.org/the-state-of-lgbt-rights-worldwide/,No,,LGBT
http://www.unhcr.org/,No,,Human rights issues
https://sea-watch.org/,No,,Human rights issues
https://company.wizards.com/,No,,Gaming
https://khms1.google.com/kh/v=908?x=327&y=414&z=10,No,,Control Content
https://kolektiva.social/,No,,Political Criticism
https://ooni.github.io/,No,,Hosting and Blogging Platforms
https://sputniknews.com/,No,,News Media
https://about.riot.im/,No,,Communication Tools
https://womenhelp.org/,No,,Sex Education
https://www.alarabiya.net/,No,,News Media
http://www.netaddress.com/,No,,Communication Tools
http://www.sexandu.ca/fr/,No,,Sex Education
https://www.microsoft.com/,No,,Communication Tools
https://pl.wikipedia.org/,No,,Culture
https://www.wechat.com/,No,,Communication Tools
https://www.icj.org/,No,,Political Criticism
https://firebaseinstallations.googleapis.com/robots.txt,No,,Hosting and Blogging Platforms
https://www.hightail.com/,No,,Media Sharing
http://libgen.st/,No,,File Sharing
https://www.dia.mil/,No,,Government
https://www.jdate.com/,No,,Online Dating
https://wikimapia.org/,No,,Culture
https://www.logmein.com/,No,,Anonymization and circumvention tools
http://www.unlockme.co.uk/,No,,Hacking Tools
https://vk.com/,Yes,http-failure,Social Networking
http://www.oic-oci.org/,Yes,tcp_ip,Religion
http://www.ifex.org/,No,,Human rights issues
https://gpgtools.org/,No,,Anonymization and circumvention tools
http://www.worldhealth.net/,No,,Public Health
https://dnsviz.net/,No,,Hacking Tools
https://www.guerrillagirls.com/,Yes,http-failure,Human rights issues
https://4genderjustice.org/,No,,Human rights issues
https://psiphon.ca/,Yes,http-failure,Anonymization and circumvention tools
https://thunder.free-signal.com/,Yes,http-failure,Anonymization and circumvention tools
https://www.healthmap.org/covid-19/,No,,Public Health
https://www.ubisoft.com/,No,,Gaming
http://www.blackhat.be/,No,,Hacking Tools
http://www.getdrupe.com/,No,,Communication Tools
https://iarf.net/,No,,Religion
https://www.opensocietyfoundations.org/,No,,Political Criticism
http://www.sportsinteraction.com/,No,,Gambling
https://womeninblack.org/,No,,Human rights issues
http://www.europacasino.com/,Yes,dns,Gambling
https://ircz.de/,Yes,http-failure,News Media
https://ddosecrets.com/,No,,Human rights issues
https://locals.com/,No,,Social Networking
http://www.securenym.net/,No,,Communication Tools
https://www.yelp.com/,No,,Social Networking
https://www.bbc.com/news/world-51235105,No,,News Media
https://btguard.com/,Yes,http-failure,Anonymization and circumvention tools
https://www.gawker.com/,No,,Culture
http://www.rockstargames.com/,No,,Gaming
http://www.themwl.org/,No,,Religion
http://www.upci.org/,No,,Religion
http://www.dailymail.co.uk/,No,,News Media
https://www.rferl.org/,No,,News Media
http://www.bitcomet.com/,No,,File Sharing
http://beyondexgay.com/,No,,LGBT
http://www.learningpartnership.org/,No,,Human rights issues
https://www.omct.org/,No,,Human rights issues
http://www.whitepages.com/,No,,Communication Tools
http://www.peacefire.org/circumventor/simple-circumventor-instructions.html,Yes,http-diff,Anonymization and circumvention tools
https://wasabiwallet.io/,No,,Economics
http://weblogs.us/,No,,Hosting and Blogging Platforms
https://nsw2u.com/,No,,File Sharing
http://www.nmrc.org/,No,,Hacking Tools
http://www.queernet.org/,Yes,http-diff,LGBT
https://www.eveonline.com/,No,,Gaming
https://eztv.ag/,No,,File Sharing
https://lh3.ggpht.com/_mm3cDcdhxkc/SzkPLt_zDUI/AAAAAAAAAZM/UplZlTSCVQc/s800/DSC_5305.jpg,No,,Hosting and Blogging Platforms
https://coronavirus.jhu.edu/map.html,No,,Public Health
http://www.ifge.org/,No,,LGBT
https://weibo.com/,No,,Social Networking
https://www.vesti.ru/,No,,News Media
https://getoutline.org/,No,,Anonymization and circumvention tools
http://www.partypoker.com/,No,,Gambling
https://brothersroad.org/,No,,LGBT
https://www.bbm.com/,No,,Communication Tools
http://www.ymca.int/,No,,Religion
https://i.gr-assets.com/robots.txt,No,,Culture
https://www.ccel.org/,No,,Religion
https://www.datpiff.com/,No,,Culture
https://www.adventist.org/,No,,Religion
https://icq.com/,No,,Communication Tools
https://radiofreetexas.com/,No,,Culture
https://ru.wikipedia.org/,No,,Culture
https://www.ifc.org/,No,,Economics
http://www.goldenrivieracasino.com/,Yes,http-diff,Gambling
http://www.wluml.org/,No,,Human rights issues
http://www.no-ip.com/,Yes,http-diff,Hosting and Blogging Platforms
https://digital.globalclimatestrike.net/,No,,Enviroment
https://www.dotster.com/,No,,Hosting and Blogging Platforms
https://translation2.paralink.com/,No,,Communication Tools
https://ourworldindata.org/,No,,News Media
http://www.chantelle.com/,No,,Provocative Attire
http://www.budweiser.com/,No,,Alcohol and Drugs
https://astalavista.box.sk/,No,,Hacking Tools
https://nostr.com/,No,,Communication Tools
http://www.cwgl.rutgers.edu/,No,,Human rights issues
http://www.un.org/,No,,Intergovernmental Organizations
http://www.lingo.com/,No,,Communication Tools
https://media-arn2-1.cdn.whatsapp.net/robots.txt,No,,Communication Tools
https://s.gr-assets.com/robots.txt,No,,Culture
https://w3schools.com/,No,,Culture
http://proxy.org/,Yes,http-diff,Anonymization and circumvention tools
https://tx.me/,No,,Communication Tools
https://www.france24.com/ar/,No,,News Media
https://www.ivpn.net/,Yes,http-failure,Anonymization and circumvention tools
http://www.nclrights.org/,No,,LGBT
https://substack.com/,No,,News Media
http://www.tobacco.org/,No,,Alcohol and Drugs
https://gaymenshealth.org/,No,,LGBT
http://www.zone-h.org/,No,,Hacking Tools
https://www.cleanwateraction.org/,No,,Enviroment
https://www.nbc.com/,No,,News Media
https://instagram.fsaw1-13.fna.fbcdn.net/favicon.ico,No,,Social Networking
https://www.iaru.org/,No,,Culture
https://www.zanzu.nl/,No,,Sex Education
https://www.yahoo.com/,No,,Search engines
http://www.samesexmarriage.ca/,Yes,http-diff,LGBT
https://www.washingtonpost.com/,No,,News Media
https://certbot.eff.org/,No,,Human rights issues
https://android.apis.google.com/robots.txt,No,,Hosting and Blogging Platforms
https://ebuddy.com/,No,,Social Networking
http://proxytools.sourceforge.net/,Yes,http-diff,Anonymization and circumvention tools
http://www.xinhuanet.com/,No,,News Media
https://i.instagram.com/robots.txt,No,,Social Networking
https://www.exploit-db.com/,No,,Hacking Tools
https://www.ipetitions.com/,No,,Human rights issues
http://www.apple.com/library/test/success.html,No,,Control Content
https://disclose.ngo/,No,,Political Criticism
https://censorship.no/,No,,Anonymization and circumvention tools
https://www.asterisk.org/,No,,Communication Tools
https://fcm.googleapis.com/$discovery/rest?version=v1,No,,Hosting and Blogging Platforms
http://www.wikia.com/fandom,No,,Hosting and Blogging Platforms
https://equal-eyes.org/,No,,LGBT
https://makeamazonpay.com/,No,,Political Criticism
https://yandexwebcache.net/robots.txt,No,,Search engines
https://www.csidonline.org/,No,,Political Criticism
http://www.glbtqarchive.com/,No,,LGBT
https://www.catholicsforchoice.org/,No,,Sex Education
https://heroin.org/,No,,Alcohol and Drugs
https://www.doctorswithoutborders.org/,No,,Public Health
http://www.callserve.com/,No,,Communication Tools
https://reliefweb.int/,No,,Human rights issues
https://www.nytimes.com/interactive/2020/world/coronavirus-maps.html,No,,News Media
http://www.viber.com/,Yes,http-diff,Communication Tools
https://www.bme.com/,No,,Culture
http://www.godalone.org/,No,,Religion
https://www.freepik.com/,No,,Media Sharing
http://www.islamicity.com/,No,,Religion
https://www.petside.com/,No,,Enviroment
http://www.ilo.org/,No,,Human rights issues
https://www.business-humanrights.org/,No,,Human rights issues
http://www.theonion.com/,No,,Culture
https://www.plancpills.org/,No,,Sex Education
https://st1.zoom.us/zoom.ico,No,,Communication Tools
https://www.womenonwaves.org/,No,,Human rights issues
https://www.redditstatic.com/robots.txt,No,,Social Networking
http://www.ihr.org/,No,,Culture
http://www.drudgereport.com/,No,,News Media
https://www.iconnecthere.com/,No,,Communication Tools
https://www.pinterest.com/,No,,Media Sharing
https://mail.proton.me/,No,,Communication Tools
https://www.cia.gov/,No,,Government
http://www.anonymsurfen.com/,Yes,http-diff,Anonymization and circumvention tools
https://data.worldbank.org/topic/environment,No,,Enviroment
http://www.fordfound.org/,No,,Human rights issues
http://www.peta.org/,No,,Enviroment
http://www.pcusa.org/,No,,Human rights issues
http://www.vanguardnewsnetwork.com/,No,,Hate Speech
https://advox.globalvoices.org/,No,,Human rights issues
http://www.iico.org/,No,,Religion
https://www.gmx.com/,No,,Communication Tools
https://myabortionstory.tumblr.com/,No,,Sex Education
http://www.wordreference.com/enfr/test,No,,Communication Tools
http://www.gay.com/,Yes,http-diff,LGBT
https://matrix.org/,No,,Communication Tools
https://sandbox.cryptpad.info/,No,,Anonymization and circumvention tools
http://www.medicinenet.com/,No,,Public Health
https://electrum.org/,No,,Economics
https://s.pinimg.com/robots.txt,No,,Social Networking
https://www.shroomery.org/,Yes,http-failure,Alcohol and Drugs
https://bitcoin.sipa.be/,No,,E-Commerce
https://edge-mqtt.facebook.com/favicon.ico,No,,Social Networking
https://www.researchgate.net/,No,,Culture
https://www.apt.ch/,No,,Human rights issues
https://www.state.gov/,No,,Government
https://libgen.life/,Yes,tcp_ip,File Sharing
http://networkcheck.kde.org/,No,,Control Content
https://www.care.org/,No,,Economics
http://www.tmz.com/,No,,Culture
https://video.twimg.com/tweet_video/EC6DSXDXsAEhHAa.mp4,No,,Social Networking
https://localbitcoins.com/,No,,E-Commerce
https://blog.counter-strike.net/,No,,Gaming
https://mastodon.sdf.org/,No,,Social Networking
http://debate.org.uk/,No,,Religion
https://ipfs.io/,No,,Communication Tools
https://www.patreon.com/,No,,Social Networking
https://www.auswaertiges-amt.de/,No,,Government
https://www.footprintnetwork.org/,No,,Enviroment
https://www.blueskyswimwear.com/,Yes,http-failure,Provocative Attire
https://ghost.org/,No,,Hosting and Blogging Platforms
https://prq.se/,No,,Hosting and Blogging Platforms
https://bouncer.ooni.io/,No,,Human rights issues
https://www.brinkster.com/,No,,Hosting and Blogging Platforms
https://greenhost.net/,No,,Hosting and Blogging Platforms
http://www.fsb.ru/,No,,Government
https://www.clintonfoundation.org/,No,,Political Criticism
http://www.anonymizer.ru/,Yes,http-diff,Anonymization and circumvention tools
http://www.neonjoint.com/,Yes,http-diff,Alcohol and Drugs
https://www.refugeesinternational.org/,No,,Human rights issues
http://www.kcna.kp/,No,,News Media
http://www.shinto.org/,No,,Religion
https://www.blogger.com/,No,,Hosting and Blogging Platforms
https://multiproxy.org/,Yes,http-failure,Anonymization and circumvention tools
https://www.paypal.com/,No,,E-Commerce
https://media3.giphy.com/robots.txt,No,,Hosting and Blogging Platforms
https://presearch.com/,No,,Search engines
https://www.ebay.com/,No,,E-Commerce
http://www.appzplanet.com/,Yes,dns,File Sharing
https://www.nytimes.com/,No,,News Media
https://seclists.org/,No,,Hacking Tools
https://twitter.com/,No,,Social Networking
http://www.pdhre.org/,No,,Human rights issues
https://www.kucoin.com/,No,,E-Commerce
https://www.hushmail.com/,No,,Communication Tools
https://slack-imgs.com/,No,,Communication Tools
https://www.timeout.com/,No,,Culture
https://remailer.paranoici.org/,No,,Anonymization and circumvention tools
http://www.ned.org/,No,,Human rights issues
https://shadowsocks.org/,No,,Anonymization and circumvention tools
https://churchofgodinchristmennonite.net/,No,,Religion
https://www.exitinternational.net/,No,,Human rights issues
https://www.cdc.gov/,No,,Public Health
https://wire.com/,No,,Communication Tools
https://www.feminist.com/,No,,Human rights issues
https://citizensclimatelobby.org/,No,,Enviroment
http://www.systranbox.com/,No,,Communication Tools
http://www.thegailygrind.com/,Yes,http-diff,LGBT
https://www.2shared.com/,No,,File Sharing
https://write.as/,No,,Hosting and Blogging Platforms
https://onionshare.org/,No,,Anonymization and circumvention tools
https://www.coolearth.org/,No,,Enviroment
https://www.state.gov/j/drl/,No,,Government
https://epic.org/,No,,Human rights issues
https://www.nbcnews.com/,No,,News Media
http://www.freedominfo.org/,No,,Human rights issues
http://www.betfair.com/,No,,Gambling
https://obsproject.com/,No,,Media Sharing
https://mytrans.com.tw/,No,,Communication Tools
https://journals.lww.com/,No,,Public Health
http://www.hanes.com/,No,,Provocative Attire
https://site.voicepulse.com/,No,,Communication Tools
https://newalbumreleases.net/,No,,File Sharing
http://www.unfpa.org/,No,,Human rights issues
https://dashjr.org/,No,,E-Commerce
http://www.ifrc.org/,No,,Government
https://www.dropbox.com/,No,,File Sharing
https://www.mombian.com/,No,,LGBT
https://www.transferbigfiles.com/,No,,Media Sharing
https://bsky.app/,No,,Social Networking
https://yggdrasil-network.github.io/,No,,Anonymization and circumvention tools
https://www.arabnews.com/,No,,News Media
http://www.mail2web.com/,No,,Communication Tools
https://apps.crowdtangle.com/public-hub/covid19,No,,Public Health
http://www.greennet.org.uk/,No,,Enviroment
https://drugs-forum.com/,No,,Alcohol and Drugs
http://www.delicates.co.uk/,Yes,http-diff,Provocative Attire
https://www.ushmm.org/,No,,Culture
https://dnsleaktest.com/,No,,Hacking Tools
https://wedo.org/,No,,Human rights issues
https://www.fsf.org/,No,,Culture
http://www.beer.com/,Yes,http-diff,Alcohol and Drugs
https://www.propublica.org/,No,,News Media
https://www.out.com/,No,,LGBT
https://www.infomigrants.net/,No,,Human rights issues
https://arxiv.org/,No,,File Sharing
https://www.fhi360.org/,No,,Sex Education
http://instinctmagazine.com/,No,,LGBT
http://www.tvc.ru/,No,,News Media
https://www.familyequality.org/events/international-family-equality-day/,No,,LGBT
https://news.google.com/,No,,News Media
https://cdn.jsdelivr.net/favicon.ico,No,,Hosting and Blogging Platforms
https://static.cdninstagram.com/robots.txt,No,,Social Networking
https://www.stonewall.org.uk/,No,,LGBT
https://scontent-frt3-2.cdninstagram.com/favicon.ico,No,,Social Networking
https://www.agentprovocateur.com/,No,,Provocative Attire
https://www.viber.com/,Yes,http-failure,Communication Tools
http://www.sexedlibrary.org/,No,,Sex Education
https://krishna.com/,Yes,http-failure,Religion
https://www.epa.gov/,No,,Government
https://geti2p.net/,Yes,http-failure,Anonymization and circumvention tools
https://swift.org/,No,,Hacking Tools
https://www.ipredator.se/,Yes,http-failure,Anonymization and circumvention tools
https://www.planetromeo.com/,Yes,http-failure,LGBT
https://etherscan.io/,No,,E-Commerce
https://banthis.tv/,No,,News Media
https://9.9.9.9/dns-query?dns=q80BAAABAAAAAAAAA3d3dwdleGFtcGxlA2NvbQAAAQAB,No,,Hosting and Blogging Platforms
https://status.im/,No,,Communication Tools
https://ftp.fau.de/fdroid/repo,No,,File Sharing
https://ij.org/,No,,Human rights issues
https://lbry.com/,No,,Media Sharing
https://www.bing.com/,No,,Search engines
https://gisanddata.maps.arcgis.com/apps/opsdashboard/index.html#/bda7594740fd40299423467b48e9ecf6,No,,Public Health
https://lantern.io/,No,,Anonymization and circumvention tools
https://www.f-secure.com/en/home/products/freedome/,No,,Anonymization and circumvention tools
http://www.google.com/search?q=lesbian,No,,LGBT
https://www.fastmail.com/,No,,Communication Tools
https://fridaysforfuture.org/,No,,Enviroment
http://guardster.com/,Yes,http-diff,Anonymization and circumvention tools
https://cdnjs.com/,No,,Hacking Tools
https://fleegle.mixmin.net/,No,,Anonymization and circumvention tools
https://www.globaleaks.org/,No,,Human rights issues
https://attrition.org/,No,,Hacking Tools
https://soundcloud.com/,No,,Culture
http://www.warchild.org/,No,,Human rights issues
https://www.literotica.com/,Yes,http-failure,Culture
https://www.joinclubhouse.com/,No,,Social Networking
http://www.ijm.org/,No,,Human rights issues
https://line.me/,No,,Communication Tools
https://www.sierraclub.org/,No,,Enviroment
https://www.dreamhost.com/,No,,Hosting and Blogging Platforms
https://www.unicef.org/,No,,Human rights issues
https://crypt.ee/,No,,File Sharing
https://packetstormsecurity.com/,No,,Hacking Tools
http://www.hostgator.com/,No,,Hosting and Blogging Platforms
https://i2p2.de/,No,,Anonymization and circumvention tools
https://www.4shared.com/,No,,File Sharing
https://www.secfirst.org/,No,,Human rights issues
https://www.google.com/,No,,LGBT
https://www.securityinabox.org/,No,,Anonymization and circumvention tools
https://apps.apple.com/us/developer/apple/id284417353/,No,,Hosting and Blogging Platforms
https://messagevortex.net/,No,,Anonymization and circumvention tools
http://www.wordreference.com/,No,,Communication Tools
https://www.privex.io/,No,,Hosting and Blogging Platforms
https://google.org/crisisresponse/covid19-map,No,,Public Health
https://www.netaddress.com/,No,,Communication Tools
https://mymemory.translated.net/,No,,Culture
https://www.iaea.org/,No,,Enviroment
https://play.google.com/store/,No,,Hosting and Blogging Platforms
https://myspace.com/,No,,Social Networking
http://blogmarks.net/,No,,Social Networking
https://skiff.com/,No,,File Sharing
https://www.wiesenthal.com/,No,,Human rights issues
https://localmonero.co/,No,,Economics
https://indymedia.org/,No,,News Media
https://www.madre.org/,No,,Human rights issues
https://www.spotify.com/,No,,Culture
http://www.securityfocus.com/,No,,Hacking Tools
http://www.globalfire.tv/,No,,Hate Speech
https://mail.yahoo.com/,No,,Communication Tools
https://briarproject.org/,No,,Communication Tools
https://www.nifty.org/,Yes,http-failure,LGBT
https://www.haaretz.com/life/five-films-you-have-to-see-at-tel-aviv-s-international-lgbt-film-festival-1.7338266,No,,News Media
https://t.me/,No,,Communication Tools
http://www.un.org/rights/,No,,Intergovernmental Organizations
https://discord.com/,No,,Communication Tools
https://thepiratebay.org/,Yes,http-failure,File Sharing
https://covidtracking.com/,No,,Public Health
http://www.cirp.org/,No,,Public Health
https://groups.google.com/,No,,Social Networking
https://www.lightsailvpn.com/,Yes,http-failure,Anonymization and circumvention tools
https://slashdot.org/,No,,News Media
https://www.ohchr.org/en/issues/sexualorientationgender/pages/index.aspx,No,,Human rights issues
http://www.freewebspace.com/,No,,Hosting and Blogging Platforms
http://www.freehomepage.com/,No,,Hosting and Blogging Platforms
https://toolbox.googleapps.com/,No,,Hacking Tools
https://noblogs.org/,No,,Hosting and Blogging Platforms
https://cwtch.im/,No,,Communication Tools
https://matrix-client.matrix.org/_matrix/client/versions,No,,Communication Tools
https://guardianproject.info/,No,,Anonymization and circumvention tools
https://www.article19.org/,Yes,http-failure,Human rights issues
http://www.freeservers.com/,No,,Hosting and Blogging Platforms
https://metasploit.com/,No,,Hacking Tools
https://timcast.com/,No,,News Media
https://neilalexander.s3.dualstack.eu-west-2.amazonaws.com/deb/key.txt,No,,Anonymization and circumvention tools
https://sci.hubg.org/,No,,File Sharing
https://trisquel.info/,No,,Hacking Tools
https://wfrtds.org/,No,,Human rights issues
https://bitly.com/,No,,Hosting and Blogging Platforms
https://i2pgit.org/,No,,Anonymization and circumvention tools
https://www.getrevue.co/,No,,Hosting and Blogging Platforms
https://styles.redditmedia.com/robots.txt,No,,Social Networking
https://im0-tub-com.yandex.net/i?id=462f375c96139f1e41d919b44be2d780&n=13&exp=1,Yes,tcp_ip,Search engines
https://wupj.org/,No,,Religion
https://www.coinbase.com/,No,,E-Commerce
https://jami.net/,No,,Communication Tools
https://torah.org/,No,,Religion
https://earthwatch.org/,No,,Enviroment
https://reclaimthenet.org/,No,,News Media
https://www.4chan.org/,No,,Social Networking
http://anonymouse.org/,Yes,http-diff,Anonymization and circumvention tools
https://ca.wikipedia.org/,No,,Culture
https://www.tawk.to/,No,,Communication Tools
http://www.poker.com/,Yes,http-diff,Gambling
https://chat-gpt.org/,No,,Search engines
https://www.frc.org/,No,,Religion
https://speedify.com/,No,,Anonymization and circumvention tools
https://clients5.google.com/robots.txt,No,,Control Content
https://www.apple.com/,No,,Control Content
https://cloudflare-dns.com/dns-query?dns=q80BAAABAAAAAAAAA3d3dwdleGFtcGxlA2NvbQAAAQAB,No,,Hosting and Blogging Platforms
https://xe.com/,No,,E-Commerce
http://www.kabobfest.com/,No,,News Media
https://www.binance.com/,No,,E-Commerce
https://www.angelfire.lycos.com/,No,,Hosting and Blogging Platforms
https://icao.maps.arcgis.com/apps/webappviewer3d/index.html?id=d9d3f8fa9a23425c8f0889baab626186,No,,Public Health
https://jezebel.com/,No,,News Media
https://www.childrensdefense.org/,No,,Human rights issues
https://afterellen.com/,No,,LGBT
http://www.lemonde.fr/,No,,News Media
http://start.ubuntu.com/connectivity-check.html,No,,Control Content
https://int.soccerway.com/,No,,Culture
https://worldsingles.com/,No,,Online Dating
http://shia.org/,No,,Religion
https://jainworld.com/,No,,Religion
https://www.globalfundforwomen.org/,No,,Human rights issues
https://www.pogo.com/,No,,Gaming
http://www.freshpair.com/,No,,Provocative Attire
https://freemuse.org/,No,,Human rights issues
http://www.ebaumsworld.com/,No,,Hosting and Blogging Platforms
https://bitcoin-mix.org/,No,,E-Commerce
https://espivblogs.net/,No,,Hosting and Blogging Platforms
http://smotrim.ru/,No,,News Media
https://letsencrypt.org/,No,,Hosting and Blogging Platforms
https://www.advocate.com/,Yes,http-failure,News Media
https://katcr.to/,No,,File Sharing
https://www.rfa.org/,No,,Human rights issues
https://wordpress.org/,No,,Hosting and Blogging Platforms
http://www.moderndrunkardmagazine.com/,No,,Alcohol and Drugs
https://theglobalobservatory.org/2019/07/mandate-renewal-independent-expert-sogi-at-risk/,No,,LGBT
https://telegram.org/,No,,Communication Tools
http://www.ftchinese.com/,No,,News Media
https://www.advocatesforyouth.org/,No,,Sex Education
http://www.voanews.com/,No,,News Media
https://www.uproxy.org/,Yes,http-failure,Anonymization and circumvention tools
https://www.reddit.com/,No,,News Media
https://www.skype.com/,No,,Communication Tools
https://www.islaminstitut.de/en/,No,,Religion
https://cdns.grindr.com/,No,,LGBT
https://pingomatic.com/,No,,Hosting and Blogging Platforms
https://www.christianitytoday.com/,No,,Religion
https://odysee.com/,No,,Media Sharing
https://www.unwomen.org/en/news/stories/2019/5/compilation-lgbti-activists-to-know,No,,LGBT
http://www.socom.mil/,No,,Government
https://www.orangewebsite.com/,No,,Hosting and Blogging Platforms
https://www.lgbtqnation.com/,No,,LGBT
https://gist.github.com/discover,No,,Hosting and Blogging Platforms
https://fedoramagazine.org/,No,,Hacking Tools
http://www.barnesandnoble.com/,No,,E-Commerce
http://www.navy.mil/,No,,Government
https://i.ytimg.com/vi/JBRf3nEqfZ8/hq720.jpg,No,,Hosting and Blogging Platforms
https://www.humanrightsconnected.org/,No,,Human rights issues
http://www.google.com/search?q=gay,No,,LGBT
http://www.oneworld.net/,No,,Human rights issues
https://www.tunnelbear.com/,Yes,http-failure,Anonymization and circumvention tools
https://www.marxists.org/,No,,Culture
http://www.absolut.com/,No,,Alcohol and Drugs
https://www.nsa.gov/,No,,Government
http://www.magicjack.com/,No,,Communication Tools
https://www.njal.la/,No,,Anonymization and circumvention tools
https://www.opioids.com/,No,,Alcohol and Drugs
https://www.eventbrite.com/,No,,Culture
https://www.casino.com/,Yes,http-failure,Gambling
https://simple.wikipedia.org/,No,,Culture
https://lh3.googleusercontent.com/favicon.ico,No,,Hosting and Blogging Platforms
https://wikihow.com/,No,,Culture
https://tor.eff.org/,Yes,http-failure,Anonymization and circumvention tools
https://globalvoices.org/,No,,Human rights issues
http://www.submission.org/,Yes,http-diff,Religion
https://earth.google.com/web/,No,,Control Content
https://www.1800respect.org.au/languages/,No,,Sex Education
https://www.plannedparenthood.org/,No,,Sex Education
https://external.xx.fbcdn.net/robots.txt,No,,Social Networking
https://qsbr.fs.quoracdn.net/-4-web.entry.js.out-34-8f7d03da0b7a24ae.webpack,No,,Social Networking
http://www.implantinfo.com/,No,,Public Health
https://www.common-fund.org/,No,,Economics
http://www.granma.cu/,No,,News Media
https://app.developer.here.com/coronavirus/,No,,Public Health
https://teams.microsoft.com/,No,,Communication Tools
http://www.888casino.com/,Yes,dns,Gambling
https://privatevpn.com/,Yes,http-failure,Anonymization and circumvention tools
https://www.bnaibrith.org/,No,,Human rights issues
https://www.malwares.com/,No,,Hacking Tools
https://www.rki.de/,No,,Public Health
https://www.atheists.org/,No,,Religion
https://trustvpn.me/,No,,Anonymization and circumvention tools
https://www.globalpride2020.org/,No,,LGBT
https://www.amnesty.org/,No,,Human rights issues
https://ooni.org/,No,,Human rights issues
http://www.euthanasia.cc/,No,,Public Health
http://www.icrw.org/,No,,Human rights issues
https://www.flickr.com/,No,,Media Sharing
http://www.hacktivismo.com/,No,,Hacking Tools
https://www.kbs-frb.be/,No,,Economics
https://www.health.com/,No,,Public Health
https://www.dating.com/,No,,Online Dating
https://www.truecaller.com/,Yes,http-failure,Communication Tools
https://drive.google.com/,No,,File Sharing
http://xanga.com/,No,,Culture
http://www.winespectator.com/,No,,Alcohol and Drugs
https://forum.grasscity.com/,Yes,http-failure,Alcohol and Drugs
https://www.cyberghostvpn.com/,Yes,http-failure,Anonymization and circumvention tools
https://www.textra.me/,No,,Communication Tools
https://godhatesfags.com/,No,,Hate Speech
http://www.thegooddrugsguide.com/,No,,Alcohol and Drugs
https://en.wikipedia.org/wiki/List_of_LGBT_awareness_periods,No,,Culture
http://www.figleaves.com/,No,,Provocative Attire
https://go-text.me/,No,,Communication Tools
https://www.martus.org/,No,,Human rights issues
https://nsdapao.info/,No,,Hate Speech
https://sexetc.org/,Yes,http-failure,Sex Education
https://www.opentech.fund/,No,,Human rights issues
http://www.scarleteen.com/,Yes,http-diff,Sex Education
https://www.pridemedia.com/,Yes,http-failure,LGBT
http://www.drugsense.org/,Yes,http-diff,Alcohol and Drugs
http://www.muhammadanism.com/,No,,Religion
https://www.pubg.com/,No,,Gaming
http://www.absinth.com/,No,,Alcohol and Drugs
http://www.naral.org/,No,,News Media
http://www.vibe.com/,No,,Culture
http://www.ipcc.ch/,No,,Enviroment
https://uea.org/,No,,Culture
https://ipi.media/,No,,News Media
https://mega.io/,No,,Anonymization and circumvention tools
https://pflag.org/,No,,LGBT
https://www.buydutchseeds.com/,Yes,http-failure,Alcohol and Drugs
http://www.netzoola.com/,No,,Communication Tools
https://dharmanet.org/,No,,Religion
http://www.feedtheminds.org/,No,,Economics
https://www.vice.com/,No,,News Media
http://anonymizer.secuser.com/,Yes,http-diff,Anonymization and circumvention tools
https://adultfriendfinder.com/,Yes,http-failure,Online Dating
https://www.christianity.com/,No,,Religion
https://www.911memorial.org/,No,,Culture
https://ru.wikisource.org/,No,,Culture
http://www.mainichi.co.jp/,No,,News Media
https://matrix.to/,No,,Communication Tools
https://www.grindr.com/,Yes,http-failure,LGBT
https://freedomhouse.org/,No,,Human rights issues
https://citizenlab.ca/,No,,Human rights issues
https://breached.vc/,No,,Hacking Tools
https://www.glsen.org/,No,,LGBT
https://www.craigslist.org/,No,,E-Commerce
https://www.fotki.com/,No,,Media Sharing
https://khms0.google.com/kh/v=908?x=81&y=103&z=8,No,,Control Content
https://www.westernunion.com/,No,,E-Commerce
https://www.limetorrents.lol/,No,,File Sharing
https://lalgbtcenter.org/,No,,LGBT
https://lgbtvacationplanners.com/,No,,LGBT
http://www.islameyat.com/,Yes,http-diff,Religion
https://76crimes.com/,No,,LGBT
https://www.cannaweed.com/,Yes,http-failure,Alcohol and Drugs
https://www.fidh.org/,No,,Human rights issues
https://nssac.bii.virginia.edu/covid-19/dashboard/,No,,Public Health
https://thehackernews.com/,No,,Hacking Tools
https://family.cloudflare-dns.com/dns-query?dns=q80BAAABAAAAAAAAA3d3dwdleGFtcGxlA2NvbQAAAQAB,No,,Hosting and Blogging Platforms
https://wickr.com/,No,,Anonymization and circumvention tools
https://trashy.com/,Yes,http-failure,Provocative Attire
https://aidaccess.org/,No,,Sex Education
https://apis.google.com/robots.txt,No,,Control Content
https://www.vpnunlimited.com/,No,,Anonymization and circumvention tools
https://www.mozilla.org/,No,,File Sharing
http://www.laborrightsnow.org/,No,,Human rights issues
https://mastodon.xyz/,No,,Social Networking
https://x.com/,No,,Social Networking
http://www.oovoo.com/,No,,Media Sharing
https://raw.githubusercontent.com/ooni/spec/master/README.md,No,,Hosting and Blogging Platforms
http://www.iavi.org/,No,,Sex Education
https://codeload.github.com/github/rally/tar.gz/v1.0.1,No,,Hosting and Blogging Platforms
https://archive.is/,No,,Hosting and Blogging Platforms
https://europedatingonline.com/,No,,Online Dating
https://www.y2mate.com/,No,,Media Sharing
https://t.co/,No,,Hosting and Blogging Platforms
https://www.postmaster.co.uk/,No,,Communication Tools
https://forum.mhut.org/,No,,File Sharing
https://www.worldpulse.com/,No,,Social Networking
https://medium.com/,No,,Hosting and Blogging Platforms
http://www.collegehumor.com/,No,,Culture
https://kk.wikipedia.org/,No,,Culture
https://savefrom.net/,No,,File Sharing
https://addons.mozilla.org/,No,,File Sharing
https://www.enom.com/,No,,Hosting and Blogging Platforms
https://www.theatlantic.com/,No,,News Media
https://www.derechos.org/,No,,Human rights issues
https://www.babbel.com/,No,,E-Commerce
http://www.osce.org/,No,,News Media
https://mask-h2.icloud.com/,No,,Anonymization and circumvention tools
https://dns.quad9.net/dns-query?dns=q80BAAABAAAAAAAAA3d3dwdleGFtcGxlA2NvbQAAAQAB,No,,Hosting and Blogging Platforms
https://www.witness.org/,No,,Human rights issues
https://doh-fi.blahdns.com/dns-query?dns=q80BAAABAAAAAAAAA3d3dwdleGFtcGxlA2NvbQAAAQAB,No,,Hosting and Blogging Platforms
https://maps.gstatic.com/tactile/basepage/grid-image.png,No,,Control Content
https://lbry.org/,No,,Media Sharing
https://www.projectbaseline.com/study/covid-19/,No,,Public Health
https://www.chinatimes.com/,No,,News Media
http://abpr2.railfan.net/,No,,Media Sharing
http://www.hrusa.org/,No,,Human rights issues
https://fbcdn.net/robots.txt,No,,Social Networking
https://nmap.org/,No,,Hacking Tools
https://cdn.sstatic.net/Img/home/open-source.svg,No,,Hosting and Blogging Platforms
https://www.beintheknow.org/,No,,Sex Education
https://www.frontlinedefenders.org/,No,,Human rights issues
https://rapidgator.net/,No,,File Sharing
https://solar-aid.org/,No,,Enviroment
https://mullvad.net/,Yes,http-failure,Anonymization and circumvention tools
https://ncac.org/,No,,Human rights issues
https://bridges.torproject.org/,Yes,http-failure,Anonymization and circumvention tools
http://www.worldbank.org/,No,,Economics
https://external-content.duckduckgo.com/robots.txt,No,,Search engines
https://secure.flickr.com/,No,,Media Sharing
https://video.cdninstagram.com/favicon.ico,No,,Social Networking
http://www.quantico.marines.mil/,No,,News Media
http://www.u4.no/,No,,Political Criticism
https://yt4.ggpht.com/a-/AOh14GhOiUxI-RcMC-Vfl2i15v3xewMr8bt2yNXTfw=s480-c-k-c0x00ffffff-no-rj-mo,No,,Hosting and Blogging Platforms
https://911truth.org/,No,,Culture
http://www.phenoelit.org/,No,,Hacking Tools
https://www.unep.org/,No,,Enviroment
http://www.vesti.ru/,No,,News Media
http://vho.org/,No,,Hate Speech
https://www.starlink.com/,No,,Anonymization and circumvention tools
https://www.huffpost.com/,No,,News Media
https://www.douyin.com/,No,,Social Networking
https://www.groupon.com/,No,,E-Commerce
https://www.economist.com/,No,,News Media
https://www.youtube.com/,No,,Media Sharing
https://wordpress.com/,No,,Hosting and Blogging Platforms
https://www.goarch.org/,No,,Religion
https://surfshark.com/,Yes,http-failure,Anonymization and circumvention tools
http://www.globet.com/,Yes,http-diff,Gambling
http://www.jmarshall.com/,No,,Anonymization and circumvention tools
https://www.exmormon.org/,No,,Religion
http://www.square-enix.com/,No,,Gaming
https://www.mormon.org/,No,,Human rights issues
https://8kun.top/,No,,Hosting and Blogging Platforms
https://freenetproject.org/,No,,Anonymization and circumvention tools
https://www.oxfam.org/,No,,Economics
https://www.nbcnewyork.com/news/national-international/map-watch-the-coronavirus-cases-spread-across-the-world/2303276/,No,,Public Health
https://element.io/,No,,Communication Tools
https://kaleidoscopetrust.com/,No,,LGBT
http://www.barmeister.com/,No,,Alcohol and Drugs
http://www.pc2call.com/,No,,Communication Tools
https://www.gaystarnews.com/,Yes,http-failure,LGBT
http://www.ifj.org/,No,,Human rights issues
https://explorer.ooni.org/,No,,Human rights issues
https://www.okcupid.com/,No,,Online Dating
https://ooni.torproject.org/,Yes,http-failure,Anonymization and circumvention tools
http://www.blogeasy.com/,No,,Hosting and Blogging Platforms
http://www.realbeer.com/,No,,Alcohol and Drugs
https://proton.me/,No,,Communication Tools
https://github.githubassets.com/images/modules/open_graph/github-logo.png,No,,Hosting and Blogging Platforms
https://www.helvetas.ch/,No,,Economics
https://hide.me/,Yes,dns,Anonymization and circumvention tools
https://opennet.net/,No,,Human rights issues
https://abortionnetwork.amsterdam/,No,,Sex Education
https://www.dailymotion.com/,No,,Media Sharing
https://www.clubhouseapi.com/,No,,Social Networking
https://github.com/twbs/bootstrap/releases/download/v4.5.3/bootstrap-4.5.3-examples.zip,No,,Hosting and Blogging Platforms
https://www.fanfiction.net/,No,,Culture
https://www.oca.org/,No,,Religion
https://nordvpn.com/,Yes,http-failure,Anonymization and circumvention tools
https://scontent.cdninstagram.com/robots.txt,No,,Social Networking
https://www.ndi.org/,No,,Political Criticism
https://www.un.int/,No,,Intergovernmental Organizations
https://bughunters.google.com/,No,,Hacking Tools
https://encrypted-tbn0.gstatic.com/robots.txt,No,,Search engines
https://1.1.1.1/dns-query?dns=q80BAAABAAAAAAAAA3d3dwdleGFtcGxlA2NvbQAAAQAB,No,,Anonymization and circumvention tools
https://bard.google.com/,No,,Search engines
http://www.jesussaves.cc/,No,,Religion
https://www.videolan.org/,No,,File Sharing
https://www.hootsuite.com/,No,,Social Networking
https://getsession.org/,No,,Communication Tools
http://www.worldjewishcongress.org/,No,,Religion
http://phrack.org/,No,,Hacking Tools
http://www.securitytracker.com/,No,,Hacking Tools
https://wkkf.org/,No,,Economics
https://startpage.com/,No,,Search engines
https://chat.openai.com/,No,,Search engines
https://www.overdrive.com/,No,,Culture
https://www.twitch.tv/,No,,Media Sharing
https://download-installer.cdn.mozilla.net/,No,,Hosting and Blogging Platforms
https://www.cpj.org/,No,,Human rights issues
https://www.torproject.org/,Yes,http-failure,Anonymization and circumvention tools
http://www.positive.org/,Yes,http-diff,Sex Education
https://genderandaids.unwomen.org/,No,,Human rights issues
https://th.bing.com/th/id/OIP.YnpdokcN_OQYn3n41AlqZAHaEe?w=250&h=180&c=7&o=5&pid=1.7,No,,Search engines
http://www.idsoftware.com/,No,,Gaming
https://www.greenpeace.org/,No,,Enviroment
https://www.currenttime.tv/,No,,News Media
https://1.1.1.3/dns-query?dns=q80BAAABAAAAAAAAA3d3dwdleGFtcGxlA2NvbQAAAQAB,No,,Hosting and Blogging Platforms
http://nmcheck.gnome.org/check_network_status.txt,No,,Control Content
https://notifications-pa.googleapis.com/robots.txt,No,,Hosting and Blogging Platforms
https://hgis.uw.edu/virus/,No,,Public Health
https://www.premaritalsex.info/,No,,Sex Education
https://www.coinex.com/,No,,Economics
http://www.pacom.mil/,No,,Government
https://www.usaid.gov/,No,,Economics
https://www.nostraightnews.com/,No,,LGBT
http://www.pokerstars.com/,Yes,dns,Gambling
https://www.broadvoice.com/,No,,Communication Tools
https://lh4.ggpht.com/_PvLDsC2pRvk/ShwiscZujVI/AAAAAAAAFIQ/4q-TYiQ13-k/s512/DSC01330.jpg,No,,Hosting and Blogging Platforms
https://www.betternet.co/,Yes,http-failure,Anonymization and circumvention tools
http://www.livejournal.com/,No,,Hosting and Blogging Platforms
https://radiofreel.gitlab.io/,No,,Anonymization and circumvention tools
https://www.serials.ws/,No,,File Sharing
https://rutube.ru/,No,,Hosting and Blogging Platforms
https://miro.medium.com/robots.txt,No,,Hosting and Blogging Platforms
https://standardnotes.com/,No,,File Sharing
http://www.tango.me/,No,,Media Sharing
http://www.womenwarpeace.org/,No,,Human rights issues
https://www.xenu.net/,No,,Religion
https://intelligence.weforum.org/,No,,Intergovernmental Organizations
http://www.msftncsi.com/ncsi.txt,No,,Control Content
http://www.date.com/,Yes,http-diff,Online Dating
https://www.tumblr.com/,No,,Media Sharing
http://www.teenhealthfx.com/,No,,Sex Education
https://bi.org/,No,,LGBT
https://dl.google.com/robots.txt,No,,Hosting and Blogging Platforms
https://mask-api.icloud.com/,No,,Anonymization and circumvention tools
https://xda-developers.com/,No,,Hosting and Blogging Platforms
https://plus.im/,No,,Social Networking
https://www.lds.org/,No,,Human rights issues
http://www.hon.ch/,No,,Public Health
https://globalpressjournal.com/,No,,News Media
http://www.unfpa.org/swp,No,,Human rights issues
https://meet.jit.si/,No,,Communication Tools
https://antivigilancia.org/,No,,Human rights issues
https://help.unhcr.org/,No,,Human rights issues
https://otr.cypherpunks.ca/,No,,Anonymization and circumvention tools
http://www.newnownext.com/franchise/the-backlot/,No,,LGBT
https://www.macfound.org/,No,,Economics
https://static.xx.fbcdn.net/favicon.ico,No,,Social Networking
https://spideroak.com/,No,,Media Sharing
https://safervpn.com/,Yes,http-failure,Anonymization and circumvention tools
https://mask.icloud.com/,No,,Anonymization and circumvention tools
https://cyber.harvard.edu/,No,,Human rights issues
https://www.bittorrent.com/,No,,Media Sharing
https://www.musixmatch.com/,No,,Culture
https://www.jsf.mil/,No,,Government
https://cdn.ampproject.org/v0/amp-iframe-0.1.js,No,,Hosting and Blogging Platforms
https://www.kali.org/,No,,Hacking Tools
https://www.wfp.org/,No,,Intergovernmental Organizations
https://getintra.org/,No,,Anonymization and circumvention tools
http://www.kickassclassical.com/,No,,Culture
http://www.ihrc.org/,No,,Human rights issues
https://ikhwanonline.com/,Yes,http-failure,Political Criticism
https://isaalmasih.net/,No,,Religion
https://www.brookings.edu/,No,,Human rights issues
https://islamonline.net/,No,,Religion
https://code.jquery.com/,No,,Hosting and Blogging Platforms
https://turbobit.net/,Yes,http-failure,Hosting and Blogging Platforms
https://www.f-list.net/,Yes,http-failure,Gaming
https://brave.com/,No,,Hacking Tools
